Depth,ROP_Predicted,ROP_Actual,Error
1284.1201716738196,6.3413563,12.511428898000208,6.170072620534388
1285.8369098712446,5.3263474,12.148697240989764,6.822349889915545
1287.5536480686696,5.4322705,12.447056602743508,7.014786075857522
1289.2703862660944,6.1325126,12.07765242595029,5.9451398565228
1290.9871244635194,6.3677197,11.545648671003438,5.177929020734883
1292.7038626609442,7.0029817,11.89197550991185,4.888993847161606
1294.4206008583692,6.0945115,12.052057427718392,5.9575459187767414
1296.137339055794,6.452791,12.481547514400845,6.028756300411587
1297.854077253219,8.034586,12.768186387503835,4.733600434745046
1299.5708154506435,8.917105,12.758212092656589,3.8411073715872526
1301.2875536480688,8.140673,12.842988258430813,4.7023155747149925
1303.0042918454935,8.098066,13.146811497554925,5.04874516759887
1304.7210300429183,8.217735,13.317885533447,5.100150242919657
1306.4377682403433,6.5681934,13.550706228697,6.9825127930280555
1308.1545064377683,7.966174,13.46513528061458,5.498961154943194
1309.871244635193,7.8569837,13.4217669088344,5.564783247182788
1311.587982832618,10.659523,13.263320346099947,2.603797335846041
1313.3047210300429,9.104494,13.438289139170944,4.333795044322311
1315.021459227468,6.82476,13.399312456539132,6.574552496364571
1316.7381974248926,7.913879,12.894889133076193,4.981010215382101
1318.4549356223176,8.921071,13.104100264194154,4.183029211642884
1320.1716738197424,8.649771,12.895226033901608,4.245455297207272
1321.8884120171674,6.184749,12.463044324850964,6.278295198416638
1323.6051502145922,7.431902,12.486656116824289,5.054754185061594
1325.3218884120172,6.2995934,12.053051704973344,5.753458256334428
1327.038626609442,5.736467,12.897658784168954,7.1611918995559165
1328.755364806867,8.556448,13.073159401670516,4.51671141888243
1330.472103004292,6.2610726,13.60171874527647,7.340646109625835
1332.1888412017167,6.959141,13.411136315351746,6.451995537763855
1333.9055793991415,9.56178,13.519302627178682,3.9575226512875687
1335.6223175965663,8.978735,13.116993860971723,4.13825889087895
1337.3390557939915,8.599702,13.132002286232064,4.532300404823372
1339.0557939914163,7.354821,13.1719166124381,5.81709540729894
1340.7725321888413,10.813164,13.319357724031589,2.50619396670737
1342.489270386266,10.622442,12.972790817458526,2.350348571975127
1344.206008583691,11.371192,13.37773927656793,2.0065472981133397
1345.9227467811158,7.9808292,13.38032780850511,5.399498569613508
1347.6394849785408,8.021018,13.467259376735202,5.446241348475924
1349.3562231759656,7.353918,13.061220070040315,5.707301994478792
1351.0729613733906,9.899095,13.563988153038316,3.6648935714343125
1352.7896995708154,8.065294,13.84994773549612,5.784653469749049
1354.5064377682404,5.9499907,14.152611768731358,8.202621019372227
1356.2231759656652,7.331534,13.93056811748732,6.599034208643326
1357.9399141630902,7.2655387,13.887168243569857,6.6216295510954915
1359.656652360515,8.103191,13.608893328856686,5.505701953124264
1361.37339055794,9.845215,13.875741915557668,4.0305270718076684
1363.0901287553647,9.504821,13.377853479833757,3.873032656164323
1364.8068669527895,10.812852,13.16726211063569,2.354410204812936
1366.5236051502145,10.742713,12.685871146785551,1.9431581722372115
1368.2403433476395,10.575035,12.210161894290987,1.6351267990761436
1369.9570815450645,10.743796,11.4778230824016,0.7340267338298219
1371.6738197424893,12.98714,11.727391597299109,-1.259748104544153
1373.3905579399143,11.015962,11.598847270475188,0.5828856234414967
1375.107296137339,9.532092,11.57731442265742,2.045222328236033
1376.8240343347638,10.728112,11.5978724555329,0.869760234768739
1378.5407725321888,8.265588,11.473173300187156,3.207585493485496
1380.2575107296138,13.170446,11.589746886354066,-1.5806995095199579
1381.9742489270386,9.310189,11.62378535949824,2.313596112366893
1383.6909871244636,9.535345,12.372395237869217,2.8370501603545684
1385.4077253218884,7.9398417,13.20146134357889,5.261619596294954
1387.1244635193134,5.346859,13.14191734555585,7.795058367284366
1388.8412017167382,5.8017993,13.450201305636243,7.64840200830348
1390.5579399141632,5.3869686,13.093604412181392,7.706635799510494
1392.274678111588,7.552065,12.560981669358783,5.008916773728901
1393.991416309013,7.5079618,12.00028476242422,4.492323012393703
1395.7081545064375,6.477757,11.173313737836631,4.695556760755332
1397.4248927038627,6.1956005,10.282541473450886,4.086940963807331
1399.1416309012875,5.0505915,9.37879282082285,4.328201352011815
1400.8583690987125,3.0388103,8.273508566406658,5.234698313263348
1402.5751072961373,1.9333403,7.419640661156132,5.486300350105717
1404.2918454935625,0.4649275,6.4556911422494885,5.990763647723579
1406.008583690987,2.487204,5.629150091469514,3.1419460166098947
1407.725321888412,6.539536,4.68218866324448,-1.857347336053616
1409.4420600858368,8.48897,4.046475449194335,-4.44249435366211
1411.1587982832618,6.7473807,3.42424459133939,-3.3231361421506
1412.8755364806866,4.3646708,2.7488886122323613,-1.6157821412466427
1414.5922746781116,5.6930017,2.9316755594366004,-2.7613261876947472
1416.3090128755366,6.546863,2.732424284944466,-3.8144387941265787
1418.0257510729614,6.5417123,3.379214569793684,-3.162497714294451
1419.7424892703862,5.1783104,3.226531122616659,-1.9517792716704503
1421.4592274678112,3.505906,3.3516285088258844,-0.15427759621561954
1423.1759656652362,4.06822,3.40175776328121,-0.6664623752685945
1424.892703862661,3.148502,3.413916565800417,0.2654144543654806
1426.609442060086,3.7214735,3.46093770751138,-0.26053574791769707
1428.3261802575107,2.2865682,3.543220818931008,1.2566526541055687
1430.0429184549355,3.524645,3.657127089638628,0.13248199953547868
1431.7596566523605,1.7561629,3.7197123165879606,1.9635494347367644
1433.4763948497855,1.689068,3.708472469287968,2.0194045095025066
1435.1931330472105,2.5762773,3.7457245637173218,1.1694473077053589
1436.9098712446353,2.5571482,3.720913260128091,1.1637650419731838
1438.62660944206,3.1066706,3.699121547592501,0.59245092953525
1440.343347639485,3.141728,3.6977901550111456,0.5560622306642218
1442.0600858369098,3.2723432,3.6452439326204495,0.3729007738985257
1443.7768240343348,4.186922,3.5807434127322297,-0.6061786606320281
1445.4935622317596,3.0087981,3.64522146996754,0.636423347561534
1447.2103004291846,3.1925917,3.7893937355965934,0.5968020684213005
1448.9270386266094,3.6201532,3.707880579795191,0.08772739108974648
1450.6437768240344,3.628208,3.755935849740873,0.12772792775906128
1452.3605150214592,5.9457607,3.740042263400306,-2.205718463528405
1454.0772532188842,4.700913,3.715329454665413,-0.9855834977576827
1455.793991416309,4.918886,3.7708722286432055,-1.1480139560491773
1457.510729613734,3.7143633,3.867007694713417,0.15264435815030675
1459.227467811159,4.254568,3.8166050746314495,-0.43796302534413645
1460.9442060085837,4.9383516,3.719900345124305,-1.2184512860402457
1462.6609442060085,4.707493,3.808571449131384,-0.8989213792377568
1464.3776824034337,4.066666,3.7343971964668734,-0.3322689297843473
1466.0944206008585,5.234148,3.7337302375855073,-1.500417787927188
1467.8111587982833,3.7468317,3.710700624594182,-0.03613103090813752
1469.527896995708,3.8026624,3.65312071998998,-0.14954165259913133
1471.244635193133,3.0756323,3.66059281723665,0.584960483481157
1472.961373390558,4.758066,3.6677838808341887,-1.0902822965339753
1474.6781115879828,4.153564,3.488322871363497,-0.6652411049243447
1476.3948497854078,4.492183,3.4324087264244003,-1.0597744820411759
1478.1115879828326,5.7651157,3.5327382831472582,-2.232377454767781
1479.8283261802576,5.9158006,3.642642757344933,-2.2731578140967175
1481.5450643776824,5.0056276,3.836674005822645,-1.1689536263184683
1483.2618025751074,5.3478785,3.862742007791077,-1.4851364483246456
1484.978540772532,5.1249676,3.934015822724593,-1.1909517523486493
1486.6952789699571,4.37305,3.954745580040056,-0.4183046328200515
1488.412017167382,3.439062,3.9541276206893183,0.5150655021590449
1490.128755364807,5.1844425,3.851985248504144,-1.3324572716374576
1491.8454935622317,4.599726,3.8105217521200494,-0.7892044479837104
1493.5622317596567,4.507348,3.632464060382753,-0.874884000225157
1495.2789699570817,5.0118656,3.526570760465987,-1.4852948553787395
1496.9957081545065,4.9258265,3.5161238627840974,-1.409702686745932
1498.7124463519312,6.363139,3.430285408654928,-2.9328537438719273
1500.4291845493565,5.1562204,3.552955250804283,-1.6032651852919084
1502.1459227467813,5.9967012,3.5337906170209124,-2.4629106235186384
1503.862660944206,5.254951,3.55884891785365,-1.6961020823599728
1505.5793991416308,4.620924,3.555000431873533,-1.0659235640981466
1507.2961373390558,4.2322555,3.556988043564635,-0.6752674152671521
1509.0128755364808,3.6336322,3.5574385002347726,-0.07619368284017858
1510.7296137339056,4.91464,3.8230418862836384,-1.0915980635149456
1512.4463519313304,4.609331,3.932956510456353,-0.6763746205250922
1514.1630901287554,5.1173973,4.073413716860593,-1.0439835914890168
1515.8798283261804,5.3475037,4.231053011357995,-1.1164506507513803
1517.5965665236051,4.9795036,4.194144956813068,-0.7853586747787284
1519.31330472103,4.023993,4.127937241908933,0.10394422661962643
1521.030042918455,3.9856818,4.114219695550267,0.1285379233182109
1522.74678111588,3.0066898,4.069090886138918,1.0624010992279072
1524.4635193133047,4.2064176,3.947258910443777,-0.2591586501336156
1526.1802575107297,2.818627,3.89267399948736,1.0740468804230288
1527.8969957081545,3.4135423,3.840822139529075,0.42727986886867475
1529.6137339055797,2.982171,3.8229004599721,0.840729401317315
1531.3304721030042,2.9050608,3.7720367619900985,0.8669759938626571
1533.0472103004292,2.7210608,3.841648265716993,1.1205875128483407
1534.763948497854,4.3382983,3.96141741339449,-0.3768809073757735
1536.480686695279,4.807223,3.89207002337452,-0.915152819795646
1538.1974248927038,2.2469196,4.03331110416124,1.7863914722032321
1539.9141630901288,5.85474,4.118108070423429,-1.7366320723988364
1541.6309012875536,4.78242,4.161639972590975,-0.6207801857952555
1543.3476394849786,5.7991147,4.146882785690984,-1.652231918441096
1545.0643776824036,3.8026688,4.216079995202694,0.4134111853119471
1546.7811158798283,5.516401,4.1951621488412005,-1.321238665215196
1548.4978540772531,3.816995,4.176118199150693,0.3591232936788913
1550.214592274678,3.8967361,4.060919629058355,0.16418348403882366
1551.9313304721031,4.974653,3.9061704020167545,-1.068482365164642
1553.648068669528,4.1891418,3.8195050335648046,-0.3696367167708887
1555.364806866953,5.5288944,3.707401919302375,-1.8214925051361015
1557.0815450643777,4.62287,3.620377842226184,-1.0024921261881228
1558.798283261803,4.357174,3.4951783886907744,-0.86199553098696
1560.5150214592277,4.5614433,3.490454089861751,-1.0709892389956708
1562.2317596566522,4.0103984,3.542458226524426,-0.46794016138450933
1563.9484978540772,3.8347478,3.628261426482076,-0.20648636480820715
1565.6652360515022,3.349282,3.54905712943374,0.19977510314284652
1567.381974248927,4.0164385,3.66638398877288,-0.35005449541901434
1569.098712446352,3.953086,3.747920737588148,-0.2051651617648793
1570.8154506437768,5.100416,3.83546459630622,-1.2649515871654597
1572.5321888412018,3.4319854,3.916342652047687,0.4843572737823063
1574.2489270386266,4.33653,3.813668432893696,-0.5228617756939506
1575.9656652360516,6.0711865,3.740903560713968,-2.3302829817970183
1577.6824034334763,5.8805494,3.783010463961962,-2.097538966885206
1579.399141630901,5.841609,3.6946500927134327,-2.1469589084462353
1581.115879828326,2.183541,3.66555250728259,1.4820114477885715
1582.8326180257511,4.201134,3.467294330123921,-0.733839874740581
1584.549356223176,4.053781,3.455241744391854,-0.5985392881704019
1586.266094420601,4.189694,2.800452147088909,-1.3892417806759836
1587.982832618026,4.238052,2.643112504810011,-1.5949393865168933
1589.699570815451,3.9905427,2.4086164910165704,-1.581926159206208
1591.4163090128754,4.462373,3.02772154204697,-1.4346512377992213
1593.1330472103004,4.3056645,3.975671542233093,-0.3299929971040654
1594.8497854077254,3.5217462,5.148127639399643,1.6263814807997896
1596.5665236051502,4.0351753,6.092868650848094,2.0576933273617657
1598.283261802575,4.1407576,7.515663578509349,3.3749060177793684
1600.0,2.135488,8.819038050678419,6.683550017383741
1601.716738197425,3.902091,10.02635813628639,6.124267109980238
1603.4334763948498,2.8856301,10.94676543361345,8.061135302845628
1605.1502145922746,3.3001995,11.840762307757082,8.54056279909009
1606.8669527896996,8.22392,12.250254690499885,4.0263348220306465
1608.5836909871246,11.557488,12.950213262315655,1.39272482084837
1610.300429184549,12.578749,13.19485729843124,0.6161085954283099
1612.0171673819743,8.348552,13.541570478536237,5.193018728353131
1613.733905579399,7.5658417,13.436760933822214,5.870919259017526
1615.450643776824,3.3469253,13.630709820137094,10.28378456150062
1617.1673819742489,2.860948,13.165649518204509,10.304701432419597
1618.884120171674,0.7358501,12.106812396277508,11.370962300528607
1620.600858369099,5.13587,11.681647825455997,6.545777845597598
1622.3175965665237,5.997338,11.60297901329784,5.605641195152089
1624.0343347639484,6.5008154,11.1974045435883,4.696589152047773
1625.7510729613734,5.058961,11.931354280033672,6.872393365421855
1627.4678111587982,4.683268,12.531539026714553,7.8482709564936055
1629.1845493562232,5.4656944,13.484971860174184,8.01927743268395
1630.9012875536482,6.5808377,13.8870917634571,7.3062540368640825
1632.618025751073,5.1838393,14.786358306930838,9.602518985794363
1634.3347639484978,3.312068,14.733433598730729,11.42136561319606
1636.0515021459228,3.807268,14.817744205786187,11.010476301504571
1637.7682403433478,5.1864796,14.585637249815743,9.399157681334298
1639.4849785407723,5.5076675,14.348258799616978,8.840591258113072
1641.201716738197,4.928394,13.708889330314388,8.780495489524593
1642.9184549356223,4.425871,13.59602297409381,9.170152078708067
1644.635193133047,4.432368,12.917618399587006,8.485250597920746
1646.351931330472,4.0234437,12.674767147912924,8.651323449029867
1648.0686695278969,6.439997,12.502709112964142,6.062711916766633
1649.785407725322,7.7760205,12.382160339675789,4.606139812789802
1651.5021459227469,4.436692,11.706054848982092,7.269362611128088
1653.2188841201717,7.036182,11.114340450281206,4.0781585235539115
1654.9356223175969,8.114923,11.474366447340078,3.3594439238415426
1656.6523605150214,5.7009296,11.538538391307569,5.837608749583936
1658.3690987124464,4.4030733,11.87370405816827,7.4706307473162195
1660.0858369098712,3.983577,12.595484037908374,8.611907024892627
1661.8025751072962,5.525318,13.136689917440746,7.611371771688793
1663.519313304721,8.590097,13.414445444411523,4.824348017043359
1665.236051502146,7.0208054,13.360320703950016,6.3395153450632975
1666.9527896995708,3.5976918,13.21198086766751,9.614289093299224
1668.6695278969958,3.6764882,12.975816954371531,9.299328793284495
1670.3862660944203,3.338308,13.28123808478921,9.942929988857204
1672.1030042918455,5.8221116,13.415233923752508,7.593122317154608
1673.8197424892703,9.002244,13.072427268928116,4.0701832732616126
1675.5364806866953,5.169664,13.56241243890286,8.392748532805449
1677.25321888412,7.107569,13.725820894703212,6.618251677021327
1678.969957081545,3.2072184,13.536320940918367,10.329102532333772
1680.68669527897,2.7176464,13.819706399491624,11.102060039094285
1682.4034334763949,2.4759958,13.764757328744489,11.288761549707013
1684.1201716738196,4.9672103,13.612077388849832,8.64486709603367
1685.8369098712446,2.0537186,13.656393877577942,11.602675310683411
1687.5536480686696,4.2971616,13.749704913492767,9.452543334360687
1689.2703862660944,7.18735,13.41529661791744,6.2279468216222735
1690.9871244635192,8.241764,13.85210511858268,5.610341049979164
1692.7038626609442,8.908329,13.925355032043196,5.017026022033431
1694.4206008583692,4.614069,13.418199320084687,8.804130335099336
1696.137339055794,2.8765976,12.858034993056288,9.981437350157728
1697.854077253219,3.1311934,12.375591903024665,9.244398503595344
1699.5708154506435,4.417563,12.262089356536382,7.844526394958013
1701.2875536480688,4.6951385,11.965004455413588,7.269866000976332
1703.0042918454935,6.679182,12.43765806127013,5.758476008657825
1704.7210300429183,6.2881126,13.240404124102746,6.952291483721886
1706.4377682403433,4.7408977,13.824522925981473,9.083625270494412
1708.1545064377683,2.5939405,14.291166385906418,11.697225889461716
1709.871244635193,5.993596,15.200066635524596,9.206470558559264
1711.587982832618,6.1936684,14.81381335502861,8.620144989550095
1713.3047210300429,4.5773883,15.26968623046656,10.692297943875984
1715.021459227468,3.3347564,15.805254895166753,12.470498520807622
1716.7381974248929,4.7297525,15.50056072979864,10.77080818921026
1718.4549356223176,4.9763017,15.456552201226508,10.480250531152045
1720.1716738197424,6.86852,15.944566878275332,9.076047095255312
1721.8884120171674,7.68503,16.02059584074673,8.335565857226221
1723.6051502145924,6.4292784,15.674552169480403,9.245273795762142
1725.3218884120172,7.7723083,15.707894754716436,7.9355864051070615
1727.038626609442,5.325163,15.450026162699984,10.124863275126742
1728.755364806867,5.117648,14.766919844429244,9.64927171973442
1730.472103004292,2.849465,14.11164927057797,11.262184377236906
1732.1888412017167,7.2528696,13.792400474642758,6.539530868624691
1733.9055793991415,5.2087965,13.555459541091714,8.346663039932047
1735.6223175965663,3.2786646,13.413766420502936,10.135101831574714
1737.3390557939915,5.189675,14.009791064761757,8.820116210483192
1739.0557939914163,6.726926,14.665349539615711,7.93842368970116
1740.772532188841,4.1660604,14.570838857915964,10.404778410223093
1742.489270386266,5.512382,14.942834935090913,9.430452904603852
1744.206008583691,7.7046146,15.006326068631935,7.301711429349709
1745.9227467811158,3.9259403,15.294044881194765,11.368104606002504
1747.6394849785406,4.5896945,15.995376520707026,11.405682020737544
1749.3562231759656,4.0326285,15.958323050689666,11.9256945144653
1751.0729613733906,1.7506672,15.71135663760263,13.960689423209015
1752.7896995708156,5.255337,16.03025614706945,10.774918908757684
1754.5064377682404,4.3513737,16.194678348099615,11.843304675614263
1756.2231759656652,4.975569,16.215997816781083,11.240429045418779
1757.9399141630902,4.4254756,15.999547916479496,11.574072319097905
1759.6566523605152,3.73511,15.669700393572274,11.934590349092904
1761.37339055794,5.905052,15.349518012656745,9.444465827598151
1763.0901287553647,7.576059,14.833086251759676,7.25702738716617
1764.8068669527895,5.6261587,14.320891870348532,8.694733156054099
1766.5236051502147,7.288647,13.877897268635094,6.589250093799889
1768.2403433476395,7.578388,13.583996252266878,6.00560803815555
1769.9570815450645,5.9405026,13.471722093985186,7.5312194503999805
1771.6738197424893,7.2679496,13.26898179658819,6.001032215441949
1773.3905579399143,8.473639,13.004890005651704,4.531251471105806
1775.107296137339,6.313015,12.428070245368392,6.115055261237533
1776.8240343347638,2.1617038,12.622222183497485,10.460518358500536
1778.5407725321888,1.818805,12.269528968930782,10.450723989606441
1780.2575107296138,3.3343844,12.48326779066088,9.148883349285148
1781.9742489270386,5.5886292,12.360821050093824,6.772191804335767
1783.6909871244634,3.8323414,10.098616836484856,6.266275403913445
1785.4077253218884,8.294745,7.855057107230233,-0.43968833802123175
1787.1244635193134,5.7405257,8.914089609039454,3.173563886535792
1788.8412017167382,5.7829304,11.433725881848272,5.650795507702764
1790.557939914163,4.72331,13.152796309820912,8.429486316077016
1792.274678111588,5.851374,13.81934674447384,7.9679725951513305
1793.991416309013,4.9738393,16.10847256129693,11.13463327830743
1795.708154506438,5.075375,20.496205984362685,15.420830904254043
1797.4248927038627,6.8148217,26.34135092555321,19.52652920542992
1799.1416309012875,7.6748624,30.406874419738905,22.732012034942763
1800.8583690987125,7.1786857,34.18820888066733,27.009523215536717
1802.5751072961373,8.492103,38.42827428405355,29.93617166106771
1804.2918454935625,17.149904,41.83648170524671,24.68657745414808
1806.008583690987,25.657791,46.48872190964941,20.8309307719541
1807.725321888412,45.70241,50.16873438058106,4.466322728969729
1809.442060085837,49.518776,52.89065491675389,3.371878976812482
1811.1587982832616,49.03946,56.67868237855479,7.6392231500391645
1812.8755364806864,45.781498,59.18005693609903,13.398558980776762
1814.592274678112,51.31484,61.59980594294913,10.284967533525304
1816.3090128755368,46.758316,61.113816846982274,14.355500806943212
1818.0257510729612,46.555855,58.08535610622644,11.52950130886316
1819.7424892703864,43.102493,57.24754429487022,14.145051008737404
1821.4592274678112,47.374287,57.79717194184352,10.422885290232195
1823.175965665236,44.691273,55.77783088666179,11.086558151066086
1824.892703862661,44.51916,52.42035779750317,7.901196573137938
1826.6094420600857,42.662045,50.44244379885572,7.780399273709236
1828.3261802575107,37.91189,50.25609791088651,12.344209788327916
1830.042918454936,39.69268,49.32987215924413,9.637191800357414
1831.7596566523605,38.280666,48.27353217185741,9.992865820539052
1833.4763948497853,38.006596,44.26756217259618,6.260966561023913
1835.1931330472105,37.10141,42.318057284527015,5.21664737241764
1836.9098712446355,37.553837,41.73834442642492,4.184507603915158
1838.6266094420605,38.909992,40.29442359291124,1.3844313748936585
1840.343347639485,36.43562,41.05377539953133,4.6181560452832855
1842.0600858369096,35.752144,39.14915620724939,3.3970123473861094
1843.7768240343348,35.940025,40.40922466759483,4.469199338004984
1845.49356223176,35.524307,42.72376645481389,7.199459203837328
1847.2103004291848,36.866737,44.15359206120254,7.286854695479882
1848.9270386266091,34.71485,44.79476681490944,10.079915435514906
1850.6437768240344,35.757595,43.86752859263105,8.109933530375187
1852.3605150214596,35.680878,43.678725348784354,7.997847663237479
1854.077253218884,34.62629,43.918045322086165,9.291755954410384
1855.793991416309,35.625534,42.7181934248597,7.092659367242511
1857.510729613734,36.115646,42.19942811072305,6.08378174841836
1859.227467811159,38.624493,43.75131393320552,5.126821287941851
1860.944206008584,36.110588,43.63478317242423,7.52419509869376
1862.6609442060085,36.71546,43.34907986397539,6.633618133018359
1864.3776824034333,37.297375,42.37620620998518,5.078831484643381
1866.0944206008585,33.668888,41.59292296755432,7.924034875513307
1867.8111587982837,36.90497,38.893139913959786,1.9881716522410358
1869.527896995708,35.696697,38.33783935814276,2.641142123035337
1871.244635193133,36.26301,38.55339476470423,2.2903866470284484
1872.961373390558,35.75892,36.972542704844514,1.2136239426374829
1874.6781115879828,34.822403,38.106075802471125,3.2836728483695623
1876.394849785408,37.02143,36.9043156753464,-0.11711529389187803
1878.1115879828328,35.798195,38.14066730521861,2.3424724199647002
1879.8283261802576,35.128056,38.17755536667012,3.0494997941603543
1881.5450643776824,34.41541,39.83820474100133,5.4227956528665615
1883.2618025751076,32.666035,39.1290690743531,6.463034375866769
1884.978540772532,31.244488,41.0060272501806,9.76153948772943
1886.6952789699567,31.886639,43.02620416649093,11.139565525133506
1888.412017167382,35.801376,43.00934022533696,7.207963882563526
1890.128755364807,32.537884,41.992303389620254,9.454419631075332
1891.845493562232,33.886963,41.76444159819769,7.877478707572692
1893.5622317596567,33.032524,43.40072537543955,10.36820126655283
1895.2789699570817,33.429897,42.10569856886653,8.67580126051692
1896.9957081545065,35.014965,42.1763751583719,7.16141010099885
1898.7124463519312,34.1896,40.66139198397348,6.471790085780121
1900.4291845493565,36.253647,38.69046222391437,2.436815373328436
1902.1459227467813,36.73844,36.70024499506432,-0.03819647222083944
1903.862660944206,34.52811,36.472349510377406,1.944239006227015
1905.5793991416308,36.20525,37.02684395554841,0.8215941691714548
1907.296137339056,33.677025,36.44110445181269,2.7640796105040977
1909.0128755364808,34.2095,39.23110823451307,5.0216088753822135
1910.7296137339056,32.682297,36.981068691048215,4.298771938118527
1912.4463519313304,34.820774,39.00533997067585,4.184565892306708
1914.1630901287556,37.144478,41.7972508490954,4.652773004857117
1915.8798283261804,35.337807,44.15004649414808,8.812239792487922
1917.596566523605,38.150627,44.30086479702548,6.150237660795014
1919.31330472103,36.143394,46.05694909955234,9.913554629337497
1921.030042918455,40.681976,46.14009042633543,5.4581141079760584
1922.74678111588,36.192635,45.48307939428776,9.290444811768232
1924.4635193133047,36.46489,44.41754310839716,7.952653582029974
1926.1802575107297,39.975773,42.9741362624369,2.9983634047708847
1927.8969957081545,38.13067,43.73214317987076,5.601474539734042
1929.6137339055797,37.71307,42.18140355996526,4.468333644193777
1931.3304721030045,37.803032,42.57338625572089,4.770354334334172
1933.0472103004288,34.730568,41.11371106192928,6.383143129800374
1934.763948497854,33.576504,41.46847569169656,7.891971938034452
1936.480686695279,33.08434,41.171249771021216,8.086910629175513
1938.197424892704,32.76134,42.78684459288965,10.025503497918947
1939.9141630901288,37.22639,43.86616605208855,6.639775213465505
1941.6309012875536,36.02346,46.13666193318751,10.113201545003918
1943.3476394849783,36.661892,48.04564483844449,11.383752901188629
1945.064377682404,37.916004,46.709735562490245,8.793731381582042
1946.7811158798283,35.79484,50.67382988392061,14.878988117563189
1948.497854077253,37.32907,51.682234500977685,14.35316345605581
1950.214592274678,35.28386,51.40038016285968,16.116520909929996
1951.9313304721031,35.910114,48.35552148573712,12.445407197407043
1953.648068669528,34.8633,48.979777266738246,14.116476943251918
1955.364806866953,34.57554,49.30725695422384,14.731718318969932
1957.0815450643777,33.881706,48.70902188780122,14.827315650008252
1958.798283261803,32.824665,47.57507550177184,14.750410432191764
1960.5150214592277,32.906944,44.90342070767963,11.996476432777285
1962.231759656652,34.227753,45.33553272050105,11.107780034954175
1963.9484978540768,31.713451,44.22437097253636,12.510919587038316
1965.6652360515025,32.658596,42.76986719677824,10.111271157959884
1967.381974248927,34.35636,40.58765128316361,6.231289894003453
1969.098712446352,33.049553,40.62082300169841,7.571270084217943
1970.8154506437768,34.830685,39.50268162530191,4.671996963436676
1972.5321888412016,37.198174,41.24001068664635,4.0418371636971315
1974.2489270386268,33.323055,41.62791499273382,8.304859725399837
1975.965665236052,36.845417,41.904078568881935,5.058661546176857
1977.6824034334763,32.813828,42.44879966692824,9.6349721522798
1979.399141630901,35.34752,43.085654052289726,7.738135131391289
1981.1158798283263,34.808563,45.08896066286131,10.280397430439436
1982.8326180257511,33.953754,45.527472626267816,11.573718201218988
1984.549356223176,37.435616,47.05707443790689,9.62145889835611
1986.266094420601,35.68032,46.70062182069692,11.020301080950823
1987.982832618026,35.38498,49.48666537266572,14.101686124618844
1989.699570815451,37.73826,48.55892581596888,10.82066745415247
1991.4163090128757,35.454357,46.91395959748872,11.459602450271923
1993.1330472103004,35.744884,45.32702492604234,9.582140435075544
1994.8497854077252,33.72774,41.6536206516338,7.925879410178723
1996.5665236051505,33.537575,38.74998731759985,5.212412549533447
1998.283261802575,35.225986,34.47150326444821,-0.7544832162646813
2000.0,36.052567,29.769211924188618,-6.283354604131695
2001.716738197425,37.698124,25.804595194258315,-11.89352873762645
2003.4334763948495,37.04377,22.696690884040144,-14.347078952385637
2005.1502145922743,33.35737,19.98001166575428,-13.377356803484002
2006.8669527897,33.20507,18.240119083931152,-14.964951411674317
2008.5836909871248,26.343462,15.402341130953085,-10.94112085940336
2010.300429184549,13.447551,13.32665191193081,-0.12089886168979547
2012.017167381974,7.5984135,12.96051475580467,5.362101288397444
2013.733905579399,6.101888,12.10695253388161,6.005064354102558
2015.450643776824,5.0016036,12.543439992624712,7.541836389261675
2017.167381974249,5.7146792,13.546527421438125,7.831848180257705
2018.8841201716737,5.256802,14.776758394516264,9.519956312454497
2020.600858369099,6.7519493,14.233736658076683,7.481787347773949
2022.317596566524,11.217849,14.315530832415664,3.097682054644668
2024.034334763949,9.290625,14.120785155170536,4.830160536640262
2025.7510729613732,9.295771,14.128228225784028,4.832457580642426
2027.4678111587984,8.540974,14.251090274740625,5.710116611410546
2029.1845493562232,8.790918,13.111623984346238,4.3207056341265115
2030.901287553648,5.4926558,12.483468571634385,6.990812817545029
2032.618025751073,10.388923,13.348198590401442,2.9592758990562267
2034.3347639484975,8.917606,13.068392231391536,4.150785877631771
2036.0515021459228,6.026659,13.241201421551704,7.214542409710884
2037.768240343348,7.252118,13.316953359999951,6.064835249343213
2039.4849785407723,8.602786,13.891893459588768,5.289107395440819
2041.201716738197,7.2173157,13.958427731271604,6.741112057443479
2042.9184549356223,8.833141,13.970521028698856,5.1373797017945595
2044.6351931330476,7.3679266,13.848394123164558,6.480467525569344
2046.351931330472,8.3401575,13.78520476399662,5.445047255146523
2048.068669527897,8.381991,14.164901715951924,5.78291032953835
2049.785407725322,9.856567,14.6064051064983,4.7498377236858005
2051.502145922747,9.186149,15.007526338797955,5.821377695304303
2053.2188841201714,8.736784,15.100112746338826,6.363328765015584
2054.9356223175964,10.504088,14.684461483534765,4.180373081740331
2056.652360515021,10.878837,14.980211073397896,4.101374441622994
2058.3690987124464,12.173468,15.229553352650372,3.0560857165419737
2060.0858369098714,10.992917,15.182351239903552,4.189434179051501
2061.8025751072964,9.89529,14.209136846598538,4.3138464718426786
2063.519313304721,11.56902,13.894827788131408,2.325807516830139
2065.236051502146,12.718848,14.252597057318502,1.5337488288639118
2066.952789699571,11.284715,15.066288671919352,3.7815739731278484
2068.6695278969955,11.045417,14.461022665065544,3.415605833095329
2070.3862660944205,9.374043,14.46943889098218,5.095395426321536
2072.103004291845,9.525828,14.361252338713143,4.835423977201913
2073.8197424892705,10.109929,14.068579225065408,3.958650140287576
2075.5364806866955,9.324481,14.474694507169083,5.150213496732071
2077.25321888412,11.94932,14.463637773972785,2.5143179344952458
2078.969957081545,11.969082,14.347544759373031,2.378462880710922
2080.68669527897,11.21517,14.551291500731596,3.336121594115385
2082.403433476394,10.939548,14.556812350264234,3.61726481150691
2084.12017167382,10.956566,14.721754274487855,3.7651884175542616
2085.8369098712446,9.133501,15.29670276982074,6.163201716964295
2087.5536480686696,10.341389,15.177948067501797,4.836559365109219
2089.270386266094,7.949675,15.231962699501906,7.282287616341506
2090.987124463519,10.097489,15.451084534028954,5.353595177034325
2092.703862660944,11.42508,15.242012581740372,3.816932282362931
2094.420600858369,12.175207,15.289645924065388,3.1144387860038645
2096.1373390557937,11.837273,14.669880124290795,2.8326074802478267
2097.8540772532187,12.191539,15.35676153420118,3.1652227234711994
2099.570815450644,11.588671,15.190653104485776,3.6019823738949555
2101.2875536480688,8.600523,14.898658769129542,6.298135774134424
2103.0042918454938,11.40048,14.424953799442193,3.0244735290564506
2104.7210300429188,12.480342,14.637871684577954,2.157529773262036
2106.4377682403438,11.852511,14.672603908624346,2.820092502679522
2108.1545064377683,10.310683,14.319546544643629,4.008863294216383
2109.8712446351933,9.94125,14.768676786565592,4.827426939153483
2111.587982832618,11.818359,14.164013764225682,2.3456543892256825
2113.304721030043,10.279239,13.818355767854314,3.5391170669876146
2115.021459227468,6.9748764,13.486021523969972,6.511145120161379
2116.738197424893,9.341652,13.354131839360338,4.012479922856432
2118.454935622318,5.799127,13.315795936123532,7.516668834225339
2120.1716738197424,8.753995,13.67097836300646,4.9169834212950345
2121.8884120171674,8.541813,13.341315295893224,4.799502399164709
2123.6051502145924,8.177029,13.537527602689062,5.360498946683203
2125.321888412017,9.792798,13.436950396462988,3.644152354165625
2127.038626609442,9.971979,13.01302111421913,3.0410419729837788
2128.755364806867,9.053384,12.965976443476894,3.912592616267421
2130.472103004292,7.3802547,12.997354731378088,5.61709998589469
2132.188841201717,7.7213326,13.38117924139148,5.659846691342652
2133.905579399141,7.1385865,13.47581333386234,6.3372268127136575
2135.6223175965665,7.3181,13.686948625520744,6.368848649934806
2137.3390557939915,7.5611997,14.244057727904394,6.682858062834814
2139.055793991416,7.57736,14.90924568884708,7.331885535648837
2140.772532188841,8.181512,14.56204066866234,6.380528789695054
2142.489270386266,8.780304,14.277780010803326,5.497476055725201
2144.206008583691,8.585281,14.162593205243429,5.577311833173116
2145.922746781116,9.372841,13.957721003730216,4.584880122382559
2147.639484978541,10.795632,13.62111291453638,2.8254805521706565
2149.3562231759656,10.732204,13.378023431712204,2.645818994456345
2151.0729613733906,10.516382,13.536484268266074,3.0201020508588474
2152.789699570816,7.62189,13.195255402667886,5.573365334613687
2154.50643776824,10.167322,13.260514512543622,3.093192353730146
2156.223175965665,9.144381,13.297610347829398,4.15322977837139
2157.93991416309,7.831858,12.889372677079812,5.05751451896824
2159.656652360515,8.818176,12.320491698794989,3.5023154292637386
2161.37339055794,9.610421,12.150661854900989,2.540240674175891
2163.0901287553647,6.479521,12.201957041959892,5.7224362442303995
2164.8068669527897,10.496603,12.757662581073811,2.26105956898885
2166.5236051502147,8.646228,12.984669080875216,4.338441244266329
2168.2403433476397,10.991758,13.650993761983573,2.6592354154259557
2169.9570815450643,9.057297,14.048814589799766,4.991517836870079
2171.6738197424893,8.865514,14.30200820088959,5.436494399314883
2173.3905579399143,8.587272,14.982420005591546,6.395148315222894
2175.1072961373397,7.900152,14.80552166626697,6.905369459846071
2176.824034334764,9.123024,15.12976753849599,6.006743551679584
2178.540772532189,10.778081,14.996870419339755,4.218789479093173
2180.257510729614,10.7758665,14.893628417988868,4.117761909504981
2181.9742489270384,12.350799,15.0787504039749,2.7279517971023406
2183.6909871244634,10.550077,15.451122391678837,4.9010449533243445
2185.4077253218884,10.219392,15.425692982664474,5.206301159849533
2187.1244635193134,12.534602,14.950552113463246,2.415949948241078
2188.8412017167384,12.736212,14.758784604548804,2.022572827815406
2190.5579399141634,8.319123,14.266988736079671,5.94786546795223
2192.274678111588,7.8246264,13.224980163606569,5.400353717836305
2193.991416309013,9.281297,12.697670364531714,3.41637363449021
2195.708154506438,5.546299,12.223356780056054,6.677057799343164
2197.4248927038625,9.261264,11.471192679534846,2.2099288321837722
2199.1416309012875,6.3548136,11.263169529769474,4.908355954024845
2200.8583690987125,6.683409,10.715741717264365,4.032332503244589
2202.575107296137,7.4841404,10.002279179171389,2.5181387830532245
2204.2918454935625,5.916248,8.967349698808205,3.0511018541121597
2206.008583690987,6.1107254,8.567222380916869,2.4564969780848376
2207.725321888412,6.6209517,8.434622638202347,1.8136709856754916
2209.442060085837,5.110621,8.02008167413993,2.909460698645546
2211.1587982832616,4.496533,7.658966609390672,3.1624336923679666
2212.8755364806866,2.6022651,7.2082831504049265,4.606018030852314
2214.592274678112,3.1225038,7.296369665170648,4.173865907693841
2216.3090128755366,0.28139472,7.411131484306117,7.1297367642286025
2218.0257510729616,2.7507744,7.416834745623376,4.666060362078454
2219.742489270386,4.3506346,7.267615565135436,2.9169809902452997
2221.459227467811,1.7137969,6.7666719388678045,5.0528750848486395
2223.175965665236,2.8601577,6.561440156140792,3.7012824279456016
2224.8927038626607,2.903945,6.444496113967192,3.540551144789946
2226.6094420600857,4.009081,6.656997811246647,2.647916924405827
2228.3261802575107,4.7124195,6.623597515579931,1.9111780056922356
2230.042918454936,2.3913379,6.720375335723201,4.329037464171687
2231.7596566523607,2.9267414,6.807855642496337,3.881114280878295
2233.4763948497857,3.9352052,7.005011256577602,3.069806035401455
2235.1931330472103,3.7926211,6.80756477659954,3.0149436408878705
2236.9098712446357,5.4182334,6.976046796030552,1.5578134014077492
2238.62660944206,6.2656875,7.370380909904774,1.104693444237049
2240.343347639485,4.774295,7.843058838868826,3.068763985658377
2242.06008583691,4.3885837,7.833391526312034,3.4448078661863013
2243.776824034335,5.330378,8.448485725978184,3.1181076704056743
2245.49356223176,5.610389,8.51642812666839,2.9060388940328927
2247.210300429185,4.930238,8.522927677992115,3.5926899079115486
2248.9270386266094,6.0656676,8.630911661270018,2.5652440320280743
2250.6437768240344,4.9415684,8.530311016274226,3.5887426416404367
2252.360515021459,7.0086193,8.52242632904872,1.5138070205770404
2254.077253218884,8.463259,8.402139985486652,-0.061118757799480505
2255.793991416309,9.204906,8.080812632955874,-1.1240938306671726
2257.510729613734,6.735324,8.152113011428275,1.416789105483451
2259.227467811159,5.895012,8.305318157354069,2.4103062554986003
2260.944206008584,5.989024,8.298399981367597,2.3093758190751164
2262.660944206009,4.4529033,7.82965511312127,3.376751842399835
2264.377682403433,4.2353935,7.864377750526515,3.628984226356593
2266.0944206008585,5.8979616,7.754506973864442,1.8565453573483284
2267.811158798283,5.5206385,7.783806776970301,2.263168311088953
2269.527896995708,2.6848094,7.670951850721795,4.986142404386956
2271.244635193133,3.857321,7.995454146094861,4.138133122153821
2272.961373390558,5.1536093,8.04670428590876,2.8930950100908888
2274.678111587983,4.238644,7.885449368289588,3.646805245212195
2276.394849785408,5.7707024,8.031703809171495,2.2610014471109476
2278.1115879828326,2.9595935,8.266692198465137,5.307098663995532
2279.8283261802576,4.300924,8.110826514773303,3.809902690463
2281.545064377682,3.527569,8.30825957546583,4.780690519908578
2283.261802575107,3.2693548,8.453657810173079,5.184302989921614
2284.978540772532,3.296478,8.635827643654862,5.339349610589066
2286.695278969957,3.9238803,8.578975280719863,4.65509494205104
2288.412017167382,5.304278,8.424317631447302,3.1200397345661983
2290.128755364807,3.1781225,8.623201742923683,5.445079222476906
2291.845493562232,4.728731,8.550238495563152,3.821507340167644
2293.5622317596567,6.411399,8.703525084850082,2.2921261972158042
2295.278969957081,6.5045953,8.410368711868207,1.9057734321746036
2296.9957081545062,7.3054857,8.349715856747535,1.0442301313447029
2298.7124463519312,6.1650524,8.624892273122963,2.4598398591825337
2300.4291845493563,8.128769,8.57386322863167,0.4450943077332319
2302.1459227467813,6.5030184,8.666893000141982,2.1638746209305566
2303.8626609442063,8.495154,8.649591726893508,0.15443734609516824
2305.5793991416317,5.3413873,8.882768843394832,3.5413815715137282
2307.296137339056,7.003432,8.830164894224326,1.8267330971967386
2309.012875536481,5.274404,8.82546382449142,3.5510597755717423
2310.7296137339054,2.012698,8.903255152801032,6.890557217696662
2312.4463519313304,3.9420865,8.832182186465069,4.890095728258892
2314.163090128756,4.1258583,8.433780630013558,4.307922323128793
2315.8798283261804,4.135105,8.559261273189536,4.4241561401328955
2317.5965665236054,3.3659227,8.374350353504212,5.008427664066346
2319.3133047210304,4.257497,8.084091036775712,3.8265942029744426
2321.030042918455,4.333006,7.634034923923292,3.301029018771925
2322.74678111588,2.2110493,7.470867344065299,5.2598180257517
2324.4635193133045,5.58906,7.254984841389377,1.665925011677463
2326.180257510729,3.99557,7.053088210761672,3.057518266379958
2327.8969957081545,4.0006247,7.062484450400256,3.06185979372301
2329.6137339055795,5.5271177,6.9597299418611325,1.4326122126741208
2331.3304721030045,6.514641,7.333473932595579,0.8188331244901104
2333.047210300429,6.4519954,7.867770168290082,1.4157747955178648
2334.763948497854,7.199684,7.896672537756853,0.6969883946904467
2336.480686695279,6.5634885,7.941720210582665,1.3782317271537101
2338.197424892704,6.5582676,7.814332442356832,1.2560648489730433
2339.914163090129,6.3860025,8.195226183082651,1.8092236424942723
2341.6309012875536,5.112226,8.32536061574102,3.2131346063721242
2343.3476394849786,6.846312,8.340728351107987,1.494416305056962
2345.064377682404,8.229552,8.181858410596389,-0.04769385838554463
2346.7811158798286,7.1580644,7.821413500219875,0.6633491348329121
2348.4978540772536,6.810099,7.692238568830396,0.8821394439219485
2350.214592274678,5.7763343,8.027269885739608,2.2509356000035243
2351.931330472103,3.4821868,8.129313526860688,4.647126732579682
2353.648068669528,4.7022557,7.746432761169583,3.044177035308987
2355.3648068669527,4.0625935,7.366289089601973,3.3036956295189652
2357.0815450643777,5.154784,7.466608510338061,2.311824307762377
2358.7982832618027,4.470927,7.191048481748088,2.7201217201208907
2360.515021459228,7.143021,7.594833598892816,0.451812492172845
2362.2317596566527,5.436459,7.881666650013947,2.445207585530304
2363.948497854077,6.2192864,8.029209486774192,1.8099230449712138
2365.6652360515022,5.9628873,8.301898853741836,2.3390115666019433
2367.381974248927,3.9413996,8.327595993700903,4.386196419421118
2369.098712446352,4.94737,8.171289573076278,3.2239195207386313
2370.815450643777,5.692956,7.911089752502884,2.2181337817387234
2372.532188841202,4.936763,8.254809816687787,3.3180470069343695
2374.248927038627,5.643097,8.425535966362567,2.782439042534442
2375.965665236052,6.2074637,8.281448145290563,2.0739844039880726
2377.6824034334763,9.644024,8.495170940783801,-1.148852954479871
2379.3991416309013,7.7925544,8.533172487055701,0.7406181085461796
2381.115879828326,9.099631,8.502719689442015,-0.596911620067262
2382.832618025751,10.786619,8.855156508502999,-1.9314626778983683
2384.549356223176,7.6190996,8.78485480721847,1.1657551902140746
2386.266094420601,7.0835404,8.666339405524186,1.5827989659184727
2387.982832618026,4.881802,8.499610303420283,3.6178082213585157
2389.699570815451,5.8170943,8.28466750090676,2.467573174887473
2391.416309012876,3.6375926,8.021510997983619,4.383918443891211
2393.1330472103004,2.6305234,7.710140794650857,5.079617351428811
2394.849785407725,0.5094118,7.350556890908476,6.841145079079863
2396.56652360515,4.917111,6.942759286756474,2.0256483668040817
2398.283261802575,0.22095649,6.486747982194855,6.265791492751076
